Accuracy,Recall,Precision,F1,Time Taken
0.396074,0.396074,0.204666,0.259678,7.943947
