Accuracy,Recall,Precision,F1,Time Taken
0.362791,0.362791,0.293013,0.258591,9.352433
