Accuracy,Recall,Precision,F1,Time Taken
0.179535,0.179535,0.032233,0.054653,0.000693
