Accuracy,Recall,Precision,F1,Time Taken
0.2194,0.2194,0.048136,0.078951,0.000573
