Accuracy,Recall,Precision,F1,Time Taken
0.491163,0.491163,0.481354,0.484397,20.42404
