Accuracy,Recall,Precision,F1,Time Taken
0.56582,0.56582,0.566555,0.563439,11.951262
