Accuracy,Recall,Precision,F1,Time Taken
0.505116,0.505116,0.49791,0.498754,134.712914
