Accuracy,Recall,Precision,F1,Time Taken
0.577367,0.577367,0.58065,0.576959,83.063187
